{
    "type": "minecraft:crafting_shaped",
     
"pattern": [
        " I ",
        " B ",
        " T "
    ],
    "key": {
        "T": "minecraft:iron_block",
		"I": "minecraft:iron_ingot",
		"B": "minecraft:emerald"
    },
    "result": {
      "id": "minecraft:clock",
      "count": 2,
      "components": {
        "minecraft:item_model": "minecraft:ammo/energy_cell",
        "minecraft:custom_data": {
          "gz_data": {
            "bullet_type": 54
          }
        },
        "minecraft:item_name": {"translate": "thepa.item.name.bullet_54","color": "white","italic": false}
      }
    }
}