{
	"type": "minecraft:crafting_shapeless",
	  
  "ingredients": [
        "minecraft:iron_nugget",
        "minecraft:gunpowder",
        "minecraft:iron_ingot"
    ],
    "result": {
      "id": "minecraft:clock",
      "count": 16,
      "components": {
        "minecraft:item_model": "minecraft:ammo/medium_ammo",
        "minecraft:custom_data": {
          "gz_data": {
            "bullet_type": 6
          }
        },
        "minecraft:item_name": {"translate": "thepa.item.name.bullet_6","color": "white","italic": false}
      }
    }
}