{
    "type": "minecraft:crafting_shaped",
     
"pattern": [
        "I  ",
        "B  ",
        "T  "
    ],
    "key": {
        "T": "minecraft:tnt",
		"I": "minecraft:iron_ingot",
		"B": "minecraft:iron_block"
    },
    "result": {
      "id": "minecraft:clock",
      "count": 1,
      "components": {
        "minecraft:item_model": "minecraft:ammo/50_cal_ammo",
        "minecraft:custom_data": {
          "gz_data": {
            "bullet_type": 26
          }
        },
        "minecraft:item_name": {"translate": "thepa.item.name.bullet_26","color": "white","italic": false}
      }
    }
    
}