{
	"type": "minecraft:crafting_shapeless",
	"ingredients": [
		"minecraft:potion",
		"minecraft:paper",
		"minecraft:paper",
		"minecraft:flint_and_steel"
	],
	"result": {
		"id": "minecraft:lingering_potion",
		"count": 1,
		"components": {
			"minecraft:item_model": "minecraft:misc/molotov",
      "minecraft:max_stack_size": 64,
			"minecraft:potion_contents": {
				"potion": "minecraft:oozing",
				"custom_color": 16746496,
				"custom_effects": [
					{
						"id": "minecraft:oozing",
						"amplifier": 0,
						"duration": 0,
						"ambient": false,
						"show_particles": false,
						"show_icon": false
					}
				]
			},
			"minecraft:custom_name": {"text": "Molotov Cocktail","color": "yellow","italic": false},
			"minecraft:tooltip_display": {
      		  "hidden_components": [
      		    "minecraft:potion_contents",
      		    "minecraft:potion_duration_scale"
      		  ]
      		}
		}
	}
}