{
	"type": "minecraft:crafting_shapeless",
	"ingredients": [
		"minecraft:dragon_breath",
		"minecraft:snowball",
		"minecraft:string",
		"minecraft:gunpowder"
	],
	"result": {
		"id": "minecraft:lingering_potion",
		"count": 2,
		"components": {
			"minecraft:item_model": "minecraft:misc/smoke",
      "minecraft:max_stack_size": 64,
			"minecraft:potion_contents": {
				"potion": "minecraft:weaving",
				"custom_color": 197379,
				"custom_effects": [
					{
						"id": "minecraft:weaving",
						"amplifier": 0,
						"duration": 0,
						"ambient": false,
						"show_particles": false,
						"show_icon": false
					}
				]
			},
			"minecraft:custom_name": {"text": "Smoke Grenade","color": "yellow","italic": false},
			"minecraft:tooltip_display": {
      		  "hidden_components": [
      		    "minecraft:potion_contents",
      		    "minecraft:potion_duration_scale"
      		  ]
      		}
		}
	}
}