{
    "type": "minecraft:crafting_shaped",
     
"pattern": [
        "III",
        "RBI",
        " IL"
    ],
    "key": {
        "L": "minecraft:stone_button",
        "I": "minecraft:iron_ingot",
        "B": "minecraft:iron_bars",
        "R": "minecraft:redstone"
    },
    "result": {
        "id": "minecraft:carrot_on_a_stick",
        "components": {
          "minecraft:item_model": "minecraft:guns/p90",
          "minecraft:custom_data": {"gz_data":{"capacity":50, "bullets":0, "reload_time":3, "id":8,"debuff":-0.5,"shooting_delay": 2,"scoped_model":"minecraft:guns/p90_sc","normal_model":"minecraft:guns/p90"}},
          "minecraft:swing_animation":{"type":"none"},
          "enchantments":{"thepa:left_click_detect": 1},
          "piercing_weapon":{},
          "enchantment_glint_override":false,
          "tooltip_display":{"hide_tooltip": false,"hidden_components": ["attribute_modifiers","enchantments"]},
          "minecraft:item_name": {"translate": "thepa.item.name.gun_8","color": "yellow","italic": false},
          "minecraft:lore": [
            {"translate": "thepa.item.desc.line1","color": "gray","italic": false},
            {"text": "Reload Time: 3s","color": "blue","italic": false},
            {"text":"Uses Light Rounds"}
          ]
        }
    }
}