{
    "type": "minecraft:crafting_shaped",
      
  "pattern": [
        " FR",
        "IRB",
        "RSB"
    ],
    "key": {
        "I": "minecraft:iron_ingot",
        "B": "minecraft:iron_block",
        "R": "minecraft:red_concrete",
        "F": "minecraft:fire_charge",
        "S": "minecraft:stone_button"
    },
    "result": {
        "id": "minecraft:carrot_on_a_stick",
        "components": {
          "minecraft:item_model": "minecraft:guns/dragondrum",
          "minecraft:custom_data": {"gz_data":{"capacity":12, "bullets":0, "reload_time":4.7, "id":48,"debuff":-0.5,"shooting_delay": 1,"scoped_model":"minecraft:guns/dragondrum_sc","normal_model":"minecraft:guns/dragondrum"}},
          "minecraft:swing_animation":{"type":"none"},
          "enchantments":{"thepa:left_click_detect": 1},
          "piercing_weapon":{},
          "enchantment_glint_override":false,
          "tooltip_display":{"hide_tooltip": false,"hidden_components": ["attribute_modifiers","enchantments"]},
          "minecraft:item_name": {"translate": "thepa.item.name.gun_48","color": "yellow","italic": false},
          "minecraft:lore": [
            {"translate": "thepa.item.desc.line1","color": "gray","italic": false},
            {"text": "Reload Time: 4.7s","color": "blue","italic": false},
            {"text":"Uses Shells"}
          ]
        }
    }
}