{
    "type": "minecraft:crafting_shaped",
     
"pattern": [
        "III",
        "RL ",
        "B  "
    ],
    "key": {
        "L": "minecraft:lever",
        "I": "minecraft:iron_ingot",
        "B": "minecraft:iron_bars",
        "R": "minecraft:red_concrete"
    },
    "result": {
        "id": "minecraft:carrot_on_a_stick",
        "components": {
          "minecraft:item_model": "minecraft:guns/machine_pistol",
          "minecraft:custom_data": {"gz_data":{"capacity":32, "bullets":0, "reload_time":2.3, "id":60,"debuff":-0.3,"shooting_delay": 2,"scoped_model":"minecraft:guns/machine_pistol_sc","normal_model":"minecraft:guns/machine_pistol"}},
          "minecraft:swing_animation":{"type":"none"},
          "enchantments":{"thepa:left_click_detect": 1},
          "piercing_weapon":{},
          "enchantment_glint_override":false,
          "tooltip_display":{"hide_tooltip": false,"hidden_components": ["attribute_modifiers","enchantments"]},
          "minecraft:item_name": {"translate": "thepa.item.name.gun_60","color": "yellow","italic": false},
          "minecraft:lore": [
            {"translate": "thepa.item.desc.line1","color": "gray","italic": false},
            {"text": "Reload Time: 2.3s","color": "blue","italic": false},
            {"text":"Uses Light Rounds"}
          ]
        }
    }
}