{
    "type": "minecraft:crafting_shaped",
     
"pattern": [
        " II",
        "CR ",
        "BL "
    ],
    "key": {
        "L": "minecraft:lever",
        "I": "minecraft:iron_ingot",
        "R": "minecraft:repeater",
        "C": "#logs",
        "B": "minecraft:barrel"
    },
    "result": {
        "id": "minecraft:carrot_on_a_stick",
        "components": {
          "minecraft:item_model": "minecraft:guns/breakaction",
          "minecraft:custom_data": {"gz_data":{"capacity":2, "bullets":0, "reload_time":2.85, "id":57,"debuff":-0.5,"shooting_delay": 10,"scoped_model":"minecraft:guns/breakaction_sc","normal_model":"minecraft:guns/breakaction"}},
          "minecraft:swing_animation":{"type":"none"},
          "enchantments":{"thepa:left_click_detect": 1},
          "piercing_weapon":{},
          "enchantment_glint_override":false,
          "tooltip_display":{"hide_tooltip": false,"hidden_components": ["attribute_modifiers","enchantments"]},
          "minecraft:item_name": {"translate": "thepa.item.name.gun_57","color": "yellow","italic": false},
          "minecraft:lore": [
            {"translate": "thepa.item.desc.line1","color": "gray","italic": false},
            {"text": "Reload Time: 2.85s","color": "blue","italic": false},
            {"text":"Uses Shells"}
          ]
        }
    }
}