{
    "type": "minecraft:crafting_shaped",
     
"pattern": [
        " TT",
        "SI ",
        "LR "
    ],
    "key": {
        "L": "minecraft:lever",
        "I": "minecraft:iron_ingot",
        "S": "minecraft:iron_block",
        "R": "minecraft:redstone",
        "T": "minecraft:iron_trapdoor"
    },
    "result": {
        "id": "minecraft:carrot_on_a_stick",
        "components": {
          "minecraft:item_model": "minecraft:guns/ranger_shotgun",
          "minecraft:custom_data": {"gz_data":{"capacity":1, "bullets":0, "reload_time":1.3, "id":55,"debuff":-0.5,"shooting_delay": 20,"scoped_model":"minecraft:guns/ranger_shotgun_sc","normal_model":"minecraft:guns/ranger_shotgun"}},
          "minecraft:swing_animation":{"type":"none"},
          "enchantments":{"thepa:left_click_detect": 1},
          "piercing_weapon":{},
          "enchantment_glint_override":false,
          "tooltip_display":{"hide_tooltip": false,"hidden_components": ["attribute_modifiers","enchantments"]},
          "minecraft:item_name": {"translate": "thepa.item.name.gun_55","color": "yellow","italic": false},
          "minecraft:lore": [
            {"translate": "thepa.item.desc.line1","color": "gray","italic": false},
            {"text": "Reload Time: 1.3s","color": "blue","italic": false},
            {"text":"Uses Shells"}
          ]
        }
    }
}