{
    "type": "minecraft:crafting_shaped",
     
"pattern": [
        " BB",
        "BCF",
        "RL "
    ],
    "key": {
        "L": "minecraft:lever",
        "B": "minecraft:blackstone",
        "C": "minecraft:end_crystal",
        "F": "minecraft:popped_chorus_fruit",
        "R": "minecraft:chorus_flower"
    },
    "result": {
        "id": "minecraft:carrot_on_a_stick",
        "components": {
          "minecraft:item_model": "minecraft:guns/poweruprifle",
          "minecraft:custom_data": {"gz_data":{"capacity":12, "bullets":0, "reload_time":3, "id":61,"debuff":-0.5,"shooting_delay": 6,"scoped_model":"minecraft:guns/poweruprifle_sc","normal_model":"minecraft:guns/poweruprifle"}},
          "minecraft:swing_animation":{"type":"none"},
          "enchantments":{"thepa:left_click_detect": 1},
          "piercing_weapon":{},
          "damage":25,
          "enchantment_glint_override":false,
          "tooltip_display":{"hide_tooltip": false,"hidden_components": ["attribute_modifiers","enchantments"]},
          "minecraft:item_name": {"translate": "thepa.item.name.gun_61","color": "yellow","italic": false},
          "minecraft:lore": [
            {"translate": "thepa.item.desc.line1","color": "gray","italic": false},
            {"text": "Cooldown Time: 3s","color": "blue","italic": false},
            {"text":"Uses Medium Rounds"}
          ]
        }
    }
}