{
    "type": "minecraft:crafting_shaped",
      
  "pattern": [
        "ER ",
        "BEB",
        " LI"
    ],
    "key": {
        "I": "minecraft:iron_ingot",
        "R": "minecraft:redstone",
        "E": "minecraft:emerald_block",
        "L": "minecraft:lever",
        "B": "minecraft:iron_block"
    },
    "result": {
        "id": "minecraft:carrot_on_a_stick",
        "components": {
          "minecraft:item_model": "minecraft:guns/bfg9000",
          "minecraft:custom_data": {"gz_data":{"capacity":20, "bullets":0, "reload_time":4, "id":54,"debuff":-0.5,"shooting_delay": 80,"scoped_model":"minecraft:guns/bfg9000_sc","normal_model":"minecraft:guns/bfg9000"}},
          "minecraft:swing_animation":{"type":"none"},
          "enchantments":{"thepa:left_click_detect": 1},
          "piercing_weapon":{},
          "enchantment_glint_override":false,
          "tooltip_display":{"hide_tooltip": false,"hidden_components": ["attribute_modifiers","enchantments"]},
          "minecraft:item_name": {"translate": "thepa.item.name.gun_54","color": "yellow","italic": false},
          "minecraft:lore": [
            {"translate": "thepa.item.desc.line1","color": "gray","italic": false},
            {"text": "Reload Time: 4s","color": "blue","italic": false},
            {"text":"Uses Energy Cells"}
          ]
        }
    }
}