{
    "type": "minecraft:crafting_shaped",
     
"pattern": [
        " PD",
        "BPB",
        "TG "
    ],
    "key": {
        "P": "minecraft:dragon_breath",
        "D": "minecraft:dragon_head",
        "B": "minecraft:blaze_powder",
		"T": "minecraft:stone_button",
		"G": "minecraft:gold_ingot"
    },
    "result": {
        "id": "minecraft:carrot_on_a_stick",
        "components": {
          "minecraft:item_model": "minecraft:guns/dragonflame",
          "minecraft:custom_data": {"gz_data":{"capacity":1, "bullets":0, "reload_time":4, "id":14,"debuff":-0.5,"shooting_delay": 1,"scoped_model":"minecraft:guns/dragonflame_sc","normal_model":"minecraft:guns/dragonflame"}},
          "minecraft:swing_animation":{"type":"none"},
          "enchantments":{"thepa:left_click_detect": 1},
          "piercing_weapon":{},
          "enchantment_glint_override":false,
          "tooltip_display":{"hide_tooltip": false,"hidden_components": ["attribute_modifiers","enchantments"]},
          "minecraft:item_name": {"translate": "thepa.item.name.gun_14","color": "yellow","italic": false},
          "minecraft:lore": [
            {"translate": "thepa.item.desc.line1","color": "gray","italic": false},
            {"text": "Reload Time: 4s","color": "blue","italic": false},
            {"text":"Uses Dragon Shells"}
          ]
        }
    }
}