{
    "type": "minecraft:crafting_shaped",
     
"pattern": [
        " BB",
        "BRR",
        "SW "
    ],
    "key": {
        "S": "minecraft:stone_button",
        "R": "minecraft:iron_bars",
        "B": "minecraft:iron_block",
        "W": "minecraft:barrel"
    },
    "result": {
        "id": "minecraft:carrot_on_a_stick",
        "components": {
          "minecraft:item_model": "minecraft:guns/minigun",
          "minecraft:custom_data": {"gz_data":{"capacity":0, "bullets":0, "reload_time":0.1, "id":62,"debuff":-0.92,"shooting_delay": 1,"scoped_model":"minecraft:guns/minigun_rot","normal_model":"minecraft:guns/minigun"}},
          "minecraft:swing_animation":{"type":"none"},
          "enchantments":{"thepa:left_click_detect": 1},
          "piercing_weapon":{},
          "enchantment_glint_override":false,
          "tooltip_display":{"hide_tooltip": false,"hidden_components": ["attribute_modifiers","enchantments"]},
          "minecraft:item_name": {"translate": "thepa.item.name.gun_62","color": "yellow","italic": false},
          "minecraft:lore": [
            {"text": "Consumes Ammo from Inventory","color": "blue","italic": false},
            {"text":"Uses Medium Rounds"}
          ]
        }
    }
}