{
    "type": "minecraft:crafting_shaped",
     
"pattern": [
        "IP ",
        "LPF",
        " LB"
    ],
    "key": {
        "I": "minecraft:iron_ingot",
        "B": "minecraft:stone_button",
        "P": "#minecraft:planks",
		"L": "#minecraft:logs",
		"F": "#minecraft:fences"
    },
    "result": {
        "id": "minecraft:carrot_on_a_stick",
        "components": {
          "minecraft:item_model": "minecraft:guns/m1garand",
          "minecraft:custom_data": {"gz_data":{"capacity":8, "bullets":0, "reload_time":1.5, "id":10,"debuff":-0.5,"shooting_delay": 12,"scoped_model":"minecraft:guns/m1garand_sc","normal_model":"minecraft:guns/m1garand"}},
          "minecraft:swing_animation":{"type":"none"},
          "enchantments":{"thepa:left_click_detect": 1},
          "piercing_weapon":{},
          "enchantment_glint_override":false,
          "tooltip_display":{"hide_tooltip": false,"hidden_components": ["attribute_modifiers","enchantments"]},
          "minecraft:item_name": {"translate": "thepa.item.name.gun_10","color": "yellow","italic": false},
          "minecraft:lore": [
            {"translate": "thepa.item.desc.line1","color": "gray","italic": false},
            {"text": "Reload Time: 1.5s","color": "blue","italic": false},
            {"text":"Uses Medium Rounds"}
          ]
        }
    }
}