{
    "type": "minecraft:crafting_shaped",
     
"pattern": [
        " OI",
        "RRR",
        "LTI"
    ],
    "key": {
        "T": "minecraft:iron_trapdoor",
		"I": "minecraft:iron_block",
		"R": "minecraft:redstone_block",
		"L": "minecraft:lever",
		"O": "minecraft:orange_concrete"
    },
    "result": {
        "id": "minecraft:carrot_on_a_stick",
        "components": {
          "minecraft:item_model": "minecraft:guns/m4a4",
          "minecraft:custom_data": {"gz_data":{"capacity":30, "bullets":0, "reload_time":4, "id":20,"debuff":-0.5,"shooting_delay": 3,"scoped_model":"minecraft:guns/m4a4_sc","normal_model":"minecraft:guns/m4a4"}},
          "minecraft:swing_animation":{"type":"none"},
          "enchantments":{"thepa:left_click_detect": 1},
          "piercing_weapon":{},
          "enchantment_glint_override":false,
          "tooltip_display":{"hide_tooltip": false,"hidden_components": ["attribute_modifiers","enchantments"]},
          "minecraft:item_name": {"translate": "thepa.item.name.gun_20","color": "yellow","italic": false},
          "minecraft:lore": [
            {"translate": "thepa.item.desc.line1","color": "gray","italic": false},
            {"text": "Reload Time: 4s","color": "blue","italic": false},
            {"text":"Uses Light Rounds"}
          ]
        }
    }
}