{
    "type": "minecraft:crafting_shaped",
     
"pattern": [
        " TT",
        "RPI",
        "RL "
    ],
    "key": {
        "L": "minecraft:lever",
        "I": "minecraft:iron_ingot",
        "P": "minecraft:sticky_piston",
        "R": "minecraft:red_concrete",
        "T": "minecraft:iron_trapdoor"
    },
    "result": {
        "id": "minecraft:carrot_on_a_stick",
        "components": {
          "minecraft:item_model": "minecraft:guns/boomsniper",
          "minecraft:custom_data": {"gz_data":{"capacity":6, "bullets":0, "reload_time":4.1, "id":56,"debuff":-1,"shooting_delay": 20,"scoped_model":"minecraft:guns/boomsniper_sc","normal_model":"minecraft:guns/boomsniper"}},
          "minecraft:swing_animation":{"type":"none"},
          "enchantments":{"thepa:left_click_detect": 1},
          "piercing_weapon":{},
          "enchantment_glint_override":false,
          "tooltip_display":{"hide_tooltip": false,"hidden_components": ["attribute_modifiers","enchantments"]},
          "minecraft:item_name": {"translate": "thepa.item.name.gun_56","color": "yellow","italic": false},
          "minecraft:lore": [
            {"translate": "thepa.item.desc.line1","color": "gray","italic": false},
            {"text": "Reload Time: 4.1s","color": "blue","italic": false},
            {"text":"Uses Rockets"}
          ]
        }
    }
}