{
    "type": "minecraft:crafting_shaped",
     
"pattern": [
        "I  ",
        "LIS",
        "P-L"
    ],
    "key": {
        "L": "#minecraft:logs",
        "I": "minecraft:iron_ingot",
        "S": "minecraft:stone_button",
        "-": "minecraft:iron_block",
        "P": "#minecraft:planks"
    },
    "result": {
        "id": "minecraft:carrot_on_a_stick",
        "components": {
          "minecraft:item_model": "minecraft:guns/tommy_gun",
          "minecraft:custom_data": {"gz_data":{"capacity":50, "bullets":0, "reload_time":2.5, "id":6,"debuff":-0.5,"shooting_delay": 1,"scoped_model":"minecraft:guns/tommy_gun_sc","normal_model":"minecraft:guns/tommy_gun"}},
          "minecraft:swing_animation":{"type":"none"},
          "enchantments":{"thepa:left_click_detect": 1},
          "piercing_weapon":{},
          "enchantment_glint_override":false,
          "tooltip_display":{"hide_tooltip": false,"hidden_components": ["attribute_modifiers","enchantments"]},
          "minecraft:item_name": {"translate": "thepa.item.name.gun_6","color": "yellow","italic": false},
          "minecraft:lore": [
            {"translate": "thepa.item.desc.line1","color": "gray","italic": false},
            {"text": "Reload Time: 2.5s","color": "blue","italic": false},
            {"text":"Uses Medium Rounds"}
          ]
        }
    }
}