{
    "type": "minecraft:crafting_shaped",
      
  "pattern": [
        "BCC",
        "CBL",
        "CR "
    ],
    "key": {
        "R": "minecraft:redstone",
		    "B": "minecraft:iron_block",
		    "L": "minecraft:lever",
		    "C": "minecraft:copper_block"
    },
    "result": {
        "id": "minecraft:carrot_on_a_stick",
        "components": {
          "minecraft:item_model": "minecraft:guns/m32",
          "minecraft:custom_data": {"gz_data":{"capacity":6, "bullets":0, "reload_time":2.7, "id":44,"debuff":-0.5,"shooting_delay": 20,"scoped_model":"minecraft:guns/m32_sc","normal_model":"minecraft:guns/m32"}},
          "minecraft:swing_animation":{"type":"none"},
          "enchantments":{"thepa:left_click_detect": 1},
          "piercing_weapon":{},
          "enchantment_glint_override":false,
          "tooltip_display":{"hide_tooltip": false,"hidden_components": ["attribute_modifiers","enchantments"]},
          "minecraft:item_name": {"translate": "thepa.item.name.gun_28","color": "yellow","italic": false},
          "minecraft:lore": [
            {"translate": "thepa.item.desc.line1","color": "gray","italic": false},
            {"text": "Reload Time: 2.7s","color": "blue","italic": false},
            {"text":"Uses Rocket Laucher Ammo"}
          ]
        }
    }
}