{
    "type": "minecraft:crafting_shaped",
     
"pattern": [
        "   ",
        "BPI",
        "OL "
    ],
    "key": {
        "B": "minecraft:barrel",
        "P": "minecraft:piston",
        "I": "minecraft:iron_block",
        "O": "#logs",
        "L": "minecraft:lever"
    },
    "result": {
        "id": "minecraft:carrot_on_a_stick",
        "components": {
          "minecraft:item_model": "minecraft:guns/judgerevolver",
          "minecraft:custom_data": {"gz_data":{"capacity":8, "bullets":0, "reload_time":3.7, "id":59,"debuff":-0.3,"shooting_delay": 15,"scoped_model":"minecraft:guns/judgerevolver_sc","normal_model":"minecraft:guns/judgerevolver"}},
          "minecraft:swing_animation":{"type":"none"},
          "enchantments":{"thepa:left_click_detect": 1},
          "piercing_weapon":{},
          "enchantment_glint_override":false,
          "tooltip_display":{"hide_tooltip": false,"hidden_components": ["attribute_modifiers","enchantments"]},
          "minecraft:item_name": {"translate": "thepa.item.name.gun_59","color": "yellow","italic": false},
          "minecraft:lore": [
            {"translate": "thepa.item.desc.line1","color": "gray","italic": false},
            {"text": "Reload Time: 3.7s","color": "blue","italic": false},
            {"text":"Uses Shells"}
          ]
        }
    }
}