{
    "type": "minecraft:crafting_shaped",
     
"pattern": [
        " II",
        " BR",
        "LA "
    ],
    "key": {
        "L": "minecraft:lever",
        "I": "minecraft:iron_ingot",
        "B": "minecraft:redstone_block",
        "R": "minecraft:repeater",
        "A": "minecraft:iron_bars"
    },
    "result": {
        "id": "minecraft:carrot_on_a_stick",
        "components": {
          "minecraft:item_model": "minecraft:guns/combatshotgun",
          "minecraft:custom_data": {"gz_data":{"capacity":8, "bullets":0, "reload_time":5.8, "id":58,"debuff":-0.5,"shooting_delay": 11,"scoped_model":"minecraft:guns/combatshotgun_sc","normal_model":"minecraft:guns/combatshotgun"}},
          "minecraft:swing_animation":{"type":"none"},
          "enchantments":{"thepa:left_click_detect": 1},
          "piercing_weapon":{},
          "enchantment_glint_override":false,
          "tooltip_display":{"hide_tooltip": false,"hidden_components": ["attribute_modifiers","enchantments"]},
          "minecraft:item_name": {"translate": "thepa.item.name.gun_58","color": "yellow","italic": false},
          "minecraft:lore": [
            {"translate": "thepa.item.desc.line1","color": "gray","italic": false},
            {"text": "Reload Time: 5.8s","color": "blue","italic": false},
            {"text":"Uses Shells"}
          ]
        }
    }
}