{
    "type": "minecraft:crafting_shaped",
      
  "pattern": [
        "BB ",
        " RS",
        "BBL"
    ],
    "key": {
        "L": "minecraft:lever",
        "B": "minecraft:iron_block",
        "S": "minecraft:netherite_ingot",
        "R": "minecraft:redstone"
    },
    "result": {
        "id": "minecraft:carrot_on_a_stick",
        "components": {
          "minecraft:item_model": "minecraft:guns/tacshotgun",
          "minecraft:custom_data": {"gz_data":{"capacity":8, "bullets":0, "reload_time":5, "id":50,"debuff":-0.5,"shooting_delay": 13,"scoped_model":"minecraft:guns/tacshotgun_sc","normal_model":"minecraft:guns/tacshotgun"}},
          "minecraft:swing_animation":{"type":"none"},
          "enchantments":{"thepa:left_click_detect": 1},
          "piercing_weapon":{},
          "enchantment_glint_override":false,
          "tooltip_display":{"hide_tooltip": false,"hidden_components": ["attribute_modifiers","enchantments"]},
          "minecraft:item_name": {"translate": "thepa.item.name.gun_50","color": "yellow","italic": false},
          "minecraft:lore": [
            {"translate": "thepa.item.desc.line1","color": "gray","italic": false},
            {"text": "Reload Time: 5s","color": "blue","italic": false},
            {"text":"Uses Shells"}
          ]
        }
    }
}