{
    "type": "minecraft:crafting_shaped",
      
  "pattern": [
        "IGI",
        "FBB",
        "FCL"
    ],
    "key": {
        "I": "minecraft:iron_ingot",
		    "B": "minecraft:iron_block",
		    "L": "minecraft:lever",
		    "C": "minecraft:red_concrete",
		    "F": "minecraft:fire_charge",
		    "G": "minecraft:glass_pane"
    },
    "result": {
		"id": "minecraft:carrot_on_a_stick",
        "components": {
          "minecraft:item_model": "minecraft:guns/dragonsniper",
          "minecraft:custom_data": {"gz_data":{"capacity":1, "bullets":0, "reload_time":2.5, "id":43,"debuff":-200,"sniper":1,"shooting_delay": 1,"scoped_model":"minecraft:guns/dragonsniper_sc","normal_model":"minecraft:guns/dragonsniper"}},
          "minecraft:swing_animation":{"type":"none"},
          "enchantments":{"thepa:left_click_detect": 1},
          "piercing_weapon":{},
          "enchantment_glint_override":false,
          "tooltip_display":{"hide_tooltip": false,"hidden_components": ["attribute_modifiers","enchantments"]},
          "minecraft:item_name": {"translate": "thepa.item.name.gun_27","color": "yellow","italic": false},
          "minecraft:lore": [
            {"translate": "thepa.item.desc.line1","color": "gray","italic": false},
            {"text": "Reload Time: 2.5s","color": "blue","italic": false},
            {"text":"Uses Heavy Ammo"}
          ]
        }
    }
}