{
    "type": "minecraft:crafting_shaped",
     
"pattern": [
        " GI",
        "BNB",
        "LIO"
    ],
    "key": {
        "G": "minecraft:glass",
        "I": "minecraft:iron_ingot",
		"B": "minecraft:iron_block",
		"N": "minecraft:nether_star",
		"L": "minecraft:lever",
		"O": "minecraft:orange_concrete"
    },
    "result": {
        "id": "minecraft:carrot_on_a_stick",
        "components": {
          "minecraft:item_model": "minecraft:guns/rpg",
          "minecraft:custom_data": {"gz_data":{"capacity":1, "bullets":0, "reload_time":5, "id":19,"debuff":-0.8,"shooting_delay": 1,"scoped_model":"minecraft:guns/rpg_sc","normal_model":"minecraft:guns/rpg"}},
          "minecraft:swing_animation":{"type":"none"},
          "enchantments":{"thepa:left_click_detect": 1},
          "piercing_weapon":{},
          "enchantment_glint_override":false,
          "tooltip_display":{"hide_tooltip": false,"hidden_components": ["attribute_modifiers","enchantments"]},
          "minecraft:item_name": {"translate": "thepa.item.name.gun_19","color": "yellow","italic": false},
          "minecraft:lore": [
            {"translate": "thepa.item.desc.line1","color": "gray","italic": false},
            {"text": "Reload Time: 5s","color": "blue","italic": false},
            {"text":"Uses Rockets"}
          ]
        }
    }
}