{
    "type": "minecraft:crafting_shaped",
      
  "pattern": [
        "III",
        "TSR",
        "III"
    ],
    "key": {
        "R": "minecraft:red_stained_glass",
		"I": "minecraft:iron_ingot",
		"S": "minecraft:spyglass",
		"T": "minecraft:torch"
    },
    "result": {
        "id": "minecraft:redstone",
        "components": {
          "minecraft:item_model": "minecraft:misc/lasersight",
          "minecraft:custom_data": {"HideFlags":32},
          "minecraft:item_name": {"translate": "thepa.item.name.lasersight","color": "yellow","italic": false}
        }
    }
}