{
  "type": "minecraft:crafting_shapeless",
  
  "ingredients": [
      "minecraft:black_wool",
      "minecraft:book"
  ],
  "result": {
    "id": "minecraft:written_book",
    "components": {
      "item_model":"minecraft:misc/recipe_book",
      "minecraft:lore": [
        {"text": "Guns and Ammo Recipes for Guns++","italic": false}
      ],
      "minecraft:written_book_content": {
        "title": "Guns++ Recipes",
        "author": "ThePatriotsFan",
        "generation": 0,
        "pages": [
          [["",{"text":"         GUNS        ","color":"dark_green","underlined":true},"\n",{"text":"Revolver           ","hover_event":{"action":"show_text","value":"䙔"}},"  \n",{"text":"Musket             ","hover_event":{"action":"show_text","value":"䙕"}},"\n",{"text":"Laser Minigun      ","hover_event":{"action":"show_text","value":"䙖"}},"\n",{"text":"Tommy Gun          ","hover_event":{"action":"show_text","value":"䙗"}},"\n",{"text":"Pump Shotgun       ","hover_event":{"action":"show_text","value":"䙘"}},"\n",{"text":"P90                ","hover_event":{"action":"show_text","value":"䙙"}},"\n",{"text":"Flare Gun          ","hover_event":{"action":"show_text","value":"䙚"}},"\n",{"text":"M1 Garand          ","hover_event":{"action":"show_text","value":"䙛"}},"\n",{"text":"AWP                ","hover_event":{"action":"show_text","value":"䙜"}},"\n",{"text":"Supersizer         ","hover_event":{"action":"show_text","value":"䙝"}},"\n",{"text":"Shrink Ray         ","hover_event":{"action":"show_text","value":"䙞"}},"\n",{"text":"Dragon Shotgun     ","hover_event":{"action":"show_text","value":"䙟"}},"\n",{"text":"Dualies            ","hover_event":{"action":"show_text","value":"䙠"}}]],
          [["",{"text":"AR-15              ","hover_event":{"action":"show_text","value":"䙡"}},"\n",{"text":"44 Magnum          ","hover_event":{"action":"show_text","value":"䙢"}},"\n",{"text":"Glock              ","hover_event":{"action":"show_text","value":"䙣"}},"\n",{"text":"Rocket Launcher    ","hover_event":{"action":"show_text","value":"䙤"}},"\n",{"text":"Tactical AR        ","hover_event":{"action":"show_text","value":"䙥"}},"\n",{"text":"Hunting Rifle      ","hover_event":{"action":"show_text","value":"䙦"}},"\n",{"text":"SGG08              ","hover_event":{"action":"show_text","value":"䙧"}},"\n",{"text":"AK-47              ","hover_event":{"action":"show_text","value":"䙨"}},"\n",{"text":"Light Machine Gun  ","hover_event":{"action":"show_text","value":"䙩"}},"\n",{"text":"Tesla Gun          ","hover_event":{"action":"show_text","value":"䙪"}},"\n",{"text":"Desert Eagle       ","hover_event":{"action":"show_text","value":"䙫"}},"\n",{"text":"Dragon Breath Sniper","hover_event":{"action":"show_text","value":"䙶"}},"\n",{"text":"M32 Grenade Launcher","hover_event":{"action":"show_text","value":"䙷"}}]],
          [["",{"text":"Rapid Fire Flare Gun","hover_event":{"action":"show_text","value":"䙸"}},"\n",{"text":"Automatic Sniper Rifle","hover_event":{"action":"show_text","value":"䙹"}},"\n",{"text":"Longarm Enforcer   ","hover_event":{"action":"show_text","value":"䙺"}},"\n",{"text":"Dragon Drum Shotgun","hover_event":{"action":"show_text","value":"䙺"}},"\n",{"text":"Quad Launcher      ","hover_event":{"action":"show_text","value":"䙼"}},"\n",{"text":"Tactical Shotgun   ","hover_event":{"action":"show_text","value":"䙽"}},"\n",{"text":"Mounted M2 Browning","hover_event":{"action":"show_text","value":"䚚"}},"\n",{"text":"Steyr AUG          ","hover_event":{"action":"show_text","value":"䚜"}},"\n",{"text":"BFG 9000           ","hover_event":{"action":"show_text","value":"䚝"}},"\n",{"text":"Ranger Shotgun     ","hover_event":{"action":"show_text","value":"䜂"}},"\n",{"text":"Sticky Sniper Rifle","hover_event":{"action":"show_text","value":"䜃"}},"\n",{"text":"Sawed-Off Shotgun  ","hover_event":{"action":"show_text","value":"䜄"}},"\n",{"text":"Combat Shotgun     ","hover_event":{"action":"show_text","value":"䜅"}},"\n",{"text":"Judge Revolver     ","hover_event":{"action":"show_text","value":"䜆"}},"\n"," "]],
          [["",{"text":"Machine Pistol       ","hover_event":{"action":"show_text","value":"䜇"}},"\n",{"text":"Ramp-Up Rifle      ","hover_event":{"action":"show_text","value":"䜈"}},"\n",{"text":"Minigun            ","hover_event":{"action":"show_text","value":"䜉"}},"\n"," "]],
          [["",{"text":"     Grenades     \n","color":"dark_green","underlined":true},{"text":"Frag Grenade","hover_event":{"action":"show_text","value":"䚟"}},"\n",{"text":"Molotov","hover_event":{"action":"show_text","value":"䜀"}},"\n",{"text":"Smoke Grenade","hover_event":{"action":"show_text","value":"䜁"}},"\n",{"text":"Flashbang\n\n","hover_event":{"action":"show_text","value":"䚁"}},{"text":"     Attachments     \n","color":"dark_red","underlined":true},{"text":"    ·Suppressor    ","hover_event":{"action":"show_text","value":"䙾"}}," \n",{"text":"     ·Laser Sight   ","hover_event":{"action":"show_text","value":"䙿"}}," "]],
          [["",{"text":"        AMMO        ","color":"gold","underlined":true},"\n",{"text":"Bullets             ","hover_event":{"action":"show_text","value":"䙬"}},"\n",{"text":"Shotgun Shells      ","hover_event":{"action":"show_text","value":"䙭"}},"\n",{"text":"Musket Balls        ","hover_event":{"action":"show_text","value":"䙮"}},"\n",{"text":"Medium Rounds       ","hover_event":{"action":"show_text","value":"䙯"}},"\n",{"text":"Light Rounds        ","hover_event":{"action":"show_text","value":"䙰"}},"\n",{"text":"Flares              ","hover_event":{"action":"show_text","value":"䙱"}},"\n",{"text":"Heavy Ammo          ","hover_event":{"action":"show_text","value":"䙲"}},"\n",{"text":"Dragon Shells        ","hover_event":{"action":"show_text","value":"䙳"}},"\n",{"text":"Rockets              ","hover_event":{"action":"show_text","value":"䙴"}},"\n",{"text":"Desert Eagle Rounds","hover_event":{"action":"show_text","value":"䙵"}},"\n",{"text":"Energy Cells","hover_event":{"action":"show_text","value":"䚞"}},"  "]],
          [["To attach the suppressors or the laser sights, throw the gun and the scope at the ground together\n\n",{"text":"List of Suppressable Guns","hover_event":{"action":"show_text","value":["M1 Garand     \nAWP     \nDualies     \nAssault Rifle     \n44 Magnum     \nGlock     \nTactical Assault Rifle     \nHunting Rifle     \nSGG08     \nAK-47"]}},"\n\n",{"text":"List of Laser Sightable Guns","hover_event":{"action":"show_text","value":["AWP     \nHunting Rifle     \nSGG08"]}}]],
          [["To reload the Tesla Gun, throw it on top of a lightning rod and strike with lightning!"]]
        ],
        "resolved": true
      }
    }
  }
}
