{
    "type": "minecraft:crafting_shaped",
      
  "pattern": [
        "III",
        "G  ",
        "III"
    ],
    "key": {
        "G": "minecraft:glass",
		"I": "minecraft:iron_ingot"
    },
    "result": {
        "id": "minecraft:redstone",
        "components": {
          "minecraft:item_model": "minecraft:misc/supressor",
          "minecraft:custom_data": {"HideFlags":32},
          "minecraft:item_name": {"translate": "thepa.item.name.suppressor","color": "yellow","italic": false}
        }
    }
}