{
    "type": "minecraft:crafting_shaped",
      
  "pattern": [
        "SIN",
        "IHI",
        "BI "
    ],
    "key": {
        "I": "minecraft:iron_block",
        "B": "minecraft:stone_button",
        "S": "minecraft:seagrass",
        "H": "minecraft:heart_of_the_sea",
        "N": "minecraft:nether_star"
    },
    "result": {
        "id": "minecraft:carrot_on_a_stick",
        "components": {
          "minecraft:item_model": "minecraft:guns/sdmg",
          "minecraft:custom_data": {"gz_data":{"capacity":1, "bullets":0, "reload_time":10, "id":52,"ms":0,"os":-1.5,"mi":0,"oi":0,"shooting_delay": 12,"scoped_model":"minecraft:guns/44_magnum_sc","normal_model":"minecraft:guns/44_magnum"}},
          "minecraft:swing_animation":{"type":"none"},
          "enchantments":{"thepa:left_click_detect": 1},
          "piercing_weapon":{},
          "enchantment_glint_override":false,
          "tooltip_display":{"hide_tooltip": false,"hidden_components": ["attribute_modifiers","enchantments"]},
          "minecraft:item_name": {"translate": "thepa.item.name.gun_36","color": "yellow","italic": false},
          "minecraft:lore": [
            {"translate": "thepa.item.desc.line1","color": "gray","italic": false},
            {"text": "Reload Time: 10s","color": "blue","italic": false},
            {"text":"Uses Dolphins"}
          ]
        }
    }
}